ID;Escenario;Criterios;Pasos_referencia;Resultado_esperado;Evidencia_ejecutada_o_revision;Resultado_observado;Variantes_pendientes_o_sustituidas;Estado;Hallazgos;Entorno
E2E-01;Ingreso y navegación por rol [B];ACC-01,ACC-02,ACC-03,ACC-04,ACC-07;Abrir aplicación y esperar carga / Probar PIN no reconocido y corregir la captura / Entrar como admin / Recorrer los siete módulos / Cambiar a Producción y volver / Cerrar sesión / Entrar como operador.;"El admin puede recorrer panel y volver de taller; el operador entra al taller; el intento inválido no entra; cerrar sesión administrativa vuelve al acceso. Si la carga no está disponible, registrar no verificable y la opción de reintento.";"dashboard-roles;configuracion-flujo;produccion-piso";"Acceso por cuatro roles, rechazo a configuración y PIN válido de piso ejecutados; son dos mecanismos de identidad.";No recorrido completo de siete módulos, PIN erróneo/corregido, retorno piso→panel y fallo de carga en un mismo caso. A01/A09 en API directa.;"Evidencia parcial; escenario íntegro no certificado";A01,A09;"Local; ver límites de cada prueba. Ningún escenario certificado en producción"
E2E-02;Tipo de cambio del día [B];ACC-06,CFG-02;Entrar al panel / Actualizar TC a 17.50 y confirmar / Abrir Configuración y cambiar fecha/tasa de prueba / Guardar y volver a entrar.;"El dato confirmado se recupera y el recordatorio respeta la fecha; se muestra TC en panel. Documentar aplicación de la tasa por módulo antes de concluir equivalencia global.";configuracion-flujo;TC se modifica, se recupera desde servidor y persiste.;"Recordatorio al inicio por fecha previa, visualización en panel y propagación a todos los módulos pendientes; ACC-06/CFG-02 parciales.";"Evidencia parcial; escenario íntegro no certificado";;"Local; ver límites de cada prueba. Ningún escenario certificado en producción"
E2E-03;Crear y editar cliente [B];CLI-01,CLI-02,CLI-03,CLI-04,TRA-03;Crear Cliente A con todos los campos de ficha / Intentar guardar sin nombre / Completar y guardar / Buscarlo / Editar contacto y límite / Combinar estado/condición/tier y limpiar / Abrir historial vacío / Cancelar otra edición.;"La ficha conserva datos y cambios confirmados; cancelación no cambia el registro; filtros encuentran al cliente adecuado; crédito muestra utilizado/disponible según cartera de prueba.";"clientes-contactos;clientes-historial;probar-sincronizacion.mjs";"Alta UI y persistencia; contacto adicional se agrega/retira; historial y enlaces probados.";No toda edición de límite, filtros combinados, validación sin nombre y cancelación de edición. A07 segunda sesión no refresca.;"Evidencia parcial; escenario íntegro no certificado";A07,A13,A14;"Local; ver límites de cada prueba. Ningún escenario certificado en producción"
E2E-04;Consumo, tier y descuento temporal [B];CLI-05,CLI-06,CFG-08;Consultar consumo de tres meses y siguiente tier / Asignar tier manual Oro con fecha vigente / Cotizar / Consultar cliente con fecha manual ya vencida en otro fixture / Editar catálogo de tiers de prueba.;"60000 elegibles asigna Plata 3%; el manual vigente Oro 5% beneficia al cliente; expirado retorna a regla automática. Las órdenes no elegibles no inflan consumo.";catalogos-comerciales;Umbral/descuento/vigencia del catálogo editados y persistidos.;No fixture integrado consumo60000, exclusiones de ventana y tier Oro vencido→Plata→descuento. Código/unitarias no certifican ese E2E.;"Evidencia parcial; escenario íntegro no certificado";;"Local; ver límites de cada prueba. Ningún escenario certificado en producción"
E2E-05;Alta rápida y cotización con descuento [B];RFQ-01,RFQ-02,RFQ-03,RFQ-04,RFQ-11;Abrir Nueva cotización / Crear cliente rápido y verificarlo en Clientes / Volver a RFQ sin perder formulario / Usar Cliente D / Capturar línea 1000 / Comprobar descuento/IVA / Editar cantidades/precios / Quitar descuento en una variante / Guardar y reabrir.;"Se crea cliente seleccionado, condiciones heredadas y RFQ persistida. Para RFQ D, 1000−30+155.20=1125.20; los cambios de base actualizan totales y no aparecen descuentos como piezas fabricables.";aceptacion-comercial;Alta contextual, descuento separado de piezas, área/externo y orden vinculada ejecutados.;"Cambio posterior de base comercial con recálculo automático no implementado RFQ-03; A14 puede cambiar cliente durante aprobación.";"Evidencia parcial; escenario íntegro no certificado";A07,A14;"Local; ver límites de cada prueba. Ningún escenario certificado en producción"
E2E-06;Seguimiento, etiquetas y estados comerciales [B];RFQ-07,RFQ-08,RFQ-12,RFQ-13,RFQ-14,CFG-07,TRA-01;Crear etiquetas y aplicarlas a una RFQ / Pasarla a enviada / Revisar fechas a 3 y 10 días hábiles / Editar seguimiento / Consultar combinaciones de filtros y períodos / Rechazar otra RFQ.;"Estado, etiquetas y prioridad se conservan como dimensiones distintas; las fechas propuestas usan días hábiles; resultados/totales concuerdan con el conjunto y limpiar restablece la consulta.";aceptacion-comercial;Cambio de etapa y cotización en cadena comercial ejecutados.;"No batería completa de etiquetas múltiples, prioridad, fechas hábiles +3/+10, todos los filtros y limpiar; propuesta de fechas requiere acción manual.";"Evidencia parcial; escenario íntegro no certificado";A07;"Local; ver límites de cada prueba. Ningún escenario certificado en producción"
E2E-07;Aprobación multiárea hasta taller y CxC [B];RFQ-05,RFQ-06,RFQ-10,RFQ-15,AR-01,TRA-02;Capturar áreas/procesos, proveedor externo, PO, notas y horas / Guardar / Aprobar / Abrir Órdenes, Producción y Cobranza / Volver a la RFQ / Repetir la consulta/acción permitida de aprobación.;"Hay una RFQ aprobada, una OP en Aprobado y un AR borrador por 2320; las partes tienen sus metas y áreas, referencia externa donde corresponde y origen común; repetir no produce otra cadena.";"aceptacion-comercial;pipeline-folios-concurrencia";"Una orden por oportunidad y partidas área/externo; aprobación concurrente de misma oportunidad idempotente.";"D-04 sustituye borrador por AR no cobrable desde aprobación. A14 vínculo cliente y A13 concurrencia entre oportunidades distintos descubiertos; no todas las metas por proceso.";"Evidencia parcial; escenario íntegro no certificado";A14,A20;"Local; ver límites de cada prueba. Ningún escenario certificado en producción"
E2E-08;Límite de crédito y autorización [B];RFQ-16;Crear RFQ pendiente / Pulsar Aprobar / Cancelar autorización y consultar estados / Repetir con autorización administrativa válida de prueba.;"Cancelar conserva RFQ sin aprobar ni OP/AR nuevos; autorizar permite crear el trabajo. Registrar si la mejora añade además control de crédito proyectado sin eliminar el control requerido.";auditoria-aprobacion.test.ts;"Dos aprobaciones80 con límite100 generaron AR160; selección cliente limitada sustituida por cliente nuevo.";Divergencia reproducida A13/A14. Cancelación de diálogo y autorización admin/noadmin en UI no acreditadas por esta reproducción de servicio.;Divergencia reproducida en parte del escenario;A02,A13,A14;"Local; ver límites de cada prueba. Ningún escenario certificado en producción"
E2E-09;Orden interna completa [B];RFQ-09,ORD-02;Crear cotización interna / Aprobar / Programar / Iniciar / Completar sus metas / Entregar / Consultar Órdenes y dashboard.;"Se identifica TI en todos los puntos pertinentes y preserva sus horas; no crea venta/CxC comercial; la ejecución se puede consultar en historial.";"aceptacion-comercial;gastos-rentabilidad-ti";TI identificada, sin AR y rentabilidad solo costo verificadas.;Ciclo entero de sesiones, entrega, archivo e historial TI no seguido en un mismo caso.;"Evidencia parcial; escenario íntegro no certificado";A20;"Local; ver límites de cada prueba. Ningún escenario certificado en producción"
E2E-10;Cotizador y archivos geométricos [B];COT-01,COT-02,COT-03,COT-04,COT-05,COT-06;Abrir calculadora de línea / Analizar DXF en mm y otro equivalente en pulgadas / Comparar dimensiones/perímetro / Abrir EPS y AI / Completar parámetros manuales / Seleccionar varias estaciones / Confirmar precio a línea.;"DXF muestra conversiones coherentes y campos láser; EPS solo promete dimensiones y AI captura manual; confirmar mantiene formulario y traslada los valores a la línea correcta.";unitarias cotizador/leer-geometria;"Cálculos/parser comprobados por unitarias; no recorrido de archivos reales en navegador.";DXF mm/cm/pulgadas, EPS/AI, valores trasladados a línea y corpus geométrico extremo: no ejecutados integralmente.;"Pruebas parciales de componentes; E2E integral no ejecutado";;"Local; ver límites de cada prueba. Ningún escenario certificado en producción"
E2E-11;Tarifas y cálculo de manufactura [B/C];COT-07,COT-08,COT-09,COT-10,COT-11,CFG-10;Calcular láser con gas/perforaciones / Router con fresa/horas / Doblado por complejidad/longitud/segundo operario / Fabricación y flete / Cambiar una tarifa / Comparar nueva cotización. Usar costo total 1000, cantidad 10 y recargo 50% como control adicional.;"Los rubros activos aportan su costo; se puede revisar el efecto de cada entrada. Control de recargo: costo unitario 100, precio 150, no 200. Si el bloque no es accesible por su condición, registrar el caso condicionado.";"unitarias cotizador;aceptacion-comercial;catalogos-comerciales";"Motor técnico y recargo comprobados en unitarias; línea técnica y persistencia comercial ejecutadas.";No combinación UI de todos los rubros, materiales, setup y máquina condicionada con dataset de referencia.;"Evidencia parcial; escenario íntegro no certificado";;"Local; ver límites de cada prueba. Ningún escenario certificado en producción"
E2E-12;Adjuntos comerciales y actualización en ejecución [B];RFQ-19,ORD-09,DOC-04;Subir dos planos en RFQ / Aprobar / Abrirlos desde taller / Agregar un tercero a la orden activa / Comprobar aviso y marcar visto / Revisar archivos de sesión y salida / Retirar un adjunto solo de un borrador de prueba.;"Cada documento se puede identificar y abrir; operador ve aviso; documentos se distinguen por origen; el retiro de lista no se confunde con borrado físico del archivo.";"aceptacion-comercial;produccion-piso";Subida de plano a orden y consulta de documentos en flujos relacionados.;"Aviso de nuevos archivos y marcar visto ausentes; retiro de documento de orden no disponible. Variantes abrir/retirar adjunto comercial por distintos roles no exhaustivas.";"Evidencia parcial; escenario íntegro no certificado";;"Local; ver límites de cada prueba. Ningún escenario certificado en producción"
E2E-13;Cambio comercial sincronizado a orden [B];RFQ-17,ORD-08;Editar la RFQ para ampliar descripción/proceso y agregar archivo / Consultar aviso desde panel y Kanban / Abrir detalle de Órdenes y sincronizar con confirmación / Reabrir.;"Se conserva el vínculo y la ejecución previa, se actualizan datos comerciales compatibles y se retira el aviso pendiente; revisar cada parte afectada, sin asumir que todo cambio comercial debe sobreescribir historia.";revisión RFQ-17/ORD-08;Sin ejecución del escenario original.;"Sustitución documentada: cotización vinculada inmutable; cancelación+reemplazo. No presentar ausencia de sincronización como bug. A02 impide aceptar cancelación financiera.";"No ejecutado; divergencia documentada o capacidad ausente";;"Local; ver límites de cada prueba. Ningún escenario certificado en producción"
E2E-14;Órdenes nuevas, heredadas y repetidas [B con sustitución OBS];CLI-07,CLI-08,ORD-04,ORD-06,CFG-04,CFG-12;Consultar capacidades antiguas de alta normal/migración/repetición / Configurar continuidad 47→48 / Ingresar orden heredada con ID previo en entorno autorizado / Repetir un trabajo desde historial. No ejecutar Guardar todo en entorno real.;"Se conserva la reutilización y continuidad comercial. Si rige OBS-15, altas ordinarias/repeticiones van a Comercial; ingreso heredado solo se prueba si se acordó excepción. La sincronización masiva se audita estáticamente salvo autorización de pruebas.";"ordenes-flujo-completo;aceptacion-comercial";Alta manual administrativa y origen comercial/TI ejecutados separadamente.;"Repetir trabajo e importación heredada con ID/anticipo ausentes; consolidación masiva no ejecutada. D-01 permite excepción manual.";"Evidencia parcial; escenario íntegro no certificado";A20;"Local; ver límites de cada prueba. Ningún escenario certificado en producción"
E2E-15;Edición, partes y consulta de órdenes [B];ORD-01,ORD-03,ORD-05,ORD-07,ORD-12;Abrir listado y filtros / Entrar al modal / Editar campos permitidos, procesos y metas / Cancelar una segunda edición / Revisar historial/sesiones/adjuntos / Consultar estados y fechas.;"La edición confirmada se recupera, la cancelada no; detalle corresponde a la fila elegida; procesos/metas y fecha planeada/requerida se distinguen; filtros no mezclan clientes.";ordenes-edicion-borrador;Edición prioridad/fecha/partidas con persistencia y rechazo fuera de borrador.;"Divergencia documentada restringe edición a borrador; no campos ampliados cliente/área/proceso ni todos filtros, cancelación y ambas fechas en vista.";"Evidencia parcial; escenario íntegro no certificado";A02,A20;"Local; ver límites de cada prueba. Ningún escenario certificado en producción"
E2E-16;Retiro de registros administrativos [B];RFQ-18,ORD-10,AR-16;Cancelar una solicitud de retiro / Confirmar retiro de RFQ elegible / Intentar retirar OP con AR activo / Probar baja permitida en fixture aislado según política objetivo / Comprobar que anular AR no elimina OP.;"Se distinguen los efectos de cada acción y sus restricciones. Una baja lógica equivalente es válida si conserva el resultado de retiro y trazabilidad; no exigir pérdida de históricos por copiar el ZIP.";"probar-invariantes.sql;clientes-contactos";"Cancelación real OP→cancelada conservó AR1160; retiro de contacto probado.";"A02 no conforme. No matriz completa retiro RFQ sin orden, catálogo, cliente y restricciones con pagos/ejecución; baja lógica válida.";Divergencia reproducida en parte del escenario;A02,A20;"Local; ver límites de cada prueba. Ningún escenario certificado en producción"
E2E-17;Inicio por área y colas de trabajo [B];PRD-01,PRD-02,PRD-03,PRD-04;Abrir Kanban y Por área / Pasar Aprobado a Bandeja / Iniciar primera Corte / Intentar iniciar la segunda / Iniciar Router / Revisar tarjetas y filtros.;"La exclusividad base bloquea la segunda orden que comparte área y permite área independiente; tarjetas muestran instrucciones y estado. Si la mejora usa estaciones paralelas, registrar equivalencia y decisión de capacidad.";"ordenes-flujo-completo;produccion-piso;taller-taxonomia";Inicio y ejecución con recurso/operador, área ajena rechazada en taxonomía simple.;"Equivalencia por recurso, no exclusividad de macroárea. Dos estaciones de misma área y colas completas no ejercidas; A06 tercer nivel permite acceso indebido.";"Evidencia parcial; escenario íntegro no certificado";A06;"Local; ver límites de cada prueba. Ningún escenario certificado en producción"
E2E-18;Pausa, sesión y relevo [B];ACC-05,PRD-05,PRD-06,PRD-07,PRD-12;Pausar por material pendiente / Consultar motivo y calendario / Registrar sesión de pausa cuando corresponda / Reanudar y leer resumen / Cancelar una reanudación / Continuar / Cerrar sesión con horario, nota, archivos, confirmación y PIN.;"El motivo se conserva, fecha planeada se libera al pausar, el resumen muestra última ejecución; guardar requiere horario y confirmaciones; queda identificado quien confirma; cancelar no duplica sesión.";"ordenes-flujo-completo;produccion-piso";Registro de tiempo, avance, PIN y cierre de sesión cubiertos en flujos existentes.;"No relevo integrado con resumen última sesión, cancelar reanudación, horario manual/incidente/archivo; varias superficies ausentes PRD-06/07/17.";"Evidencia parcial; escenario íntegro no certificado";A20;"Local; ver límites de cada prueba. Ningún escenario certificado en producción"
E2E-19;Parciales hasta orden completa [B];PRD-08,PRD-09,PRD-10,PRD-13;Guardar Corte 4, luego Corte 6, luego Doblado 10 en sesiones distintas / Consultar cada vez porcentaje y pendientes / Comprobar horas 08–17=8 netas. En variante antigua sin items, registrar piezas globales y completar por su vía prevista.;"Progreso por operaciones 20/50/100%; no pasa a Lista en parciales; al completar metas queda Lista; se acumulan sesiones y horas sin confundir operaciones con piezas físicas.";"produccion-piso;ordenes-flujo-completo";Avance de partida y finalización ejecutados.;"La matriz parte×proceso20/50/100% no existe; no confundir avance de piezas con avance de operaciones. Variante sin partes excluida por modelo v2.";"Evidencia parcial; escenario íntegro no certificado";A20;"Local; ver límites de cada prueba. Ningún escenario certificado en producción"
E2E-20;Asignación del operador [C/OBS];PRD-11,OBS-09;Entrar como operador Corte / Consultar qué le corresponde / Registrar avance de Corte / Intentar registrar Router sin asignación / Repetir con operador Router.;"Procesos y actor responsable son inequívocos; en OBS se exige impedir la acción ajena; si la base no suministra areaId, registrar condición faltante y no afirmar que el catálogo ya asigna operadores.";"taller-taxonomia;auditoria-areas.test.ts;probar-invariantes.sql";"Asignación y rechazo área ajena en E2E simple; pérdida de restricción en error y helper jerárquico reproducidos.";A05/A06 no conformes. Inicio completo por RPC con proceso de tercer nivel no ejecutado, helper sí.;Divergencia reproducida en parte del escenario;A05,A06,A08;"Local; ver límites de cada prueba. Ningún escenario certificado en producción"
E2E-21;Detalle, historial y reactivación [B];PRD-15,PRD-16,PRD-17,PRD-18,CFG-13;Abrir detalle desde Kanban, Órdenes y calendario / Revisar qué fabricar, avance, horas, notas y archivos / Como admin reactivar según política / Consultar bitácora.;"Se identifica siempre la misma orden; se conserva ejecución previa; reactivación se presenta al admin; acciones recientes muestran actor/fecha/orden. Comprobar persistencia durable solo si el objetivo la ofrece.";"ordenes-flujo-completo;clientes-historial";Logs persistidos y enlaces de historial comprobados.;"Reactivación de completada, historial de sesiones y consulta bitácora no disponibles; A18. No se acepta por existencia de logs en BD.";"Evidencia parcial; escenario íntegro no certificado";A18,A20;"Local; ver límites de cada prueba. Ningún escenario certificado en producción"
E2E-22;Programación y capacidad [B/OBS];PLA-01,PLA-02,PLA-03,PLA-04,PLA-05,PLA-06,PLA-07,OBS-19;Arrastrar 5 h y 3 h / Intentar agregar 1 h / Revisar siguiente día / Intentar mover la activa / Revisar pausada sin planear / Alternar semana/mes, área y hoy / Usar acciones de una tarjeta.;"En base se documenta advertencia y opciones. Con OBS rige bloqueo sin sobreasignar y validación del día alternativo; activa no se mueve; fecha comercial se conserva; se reflejan capacidad y semáforos.";"planeacion-capacidad;planeacion-flujo-colaborativo";Capacidad equipos×jornada, programación, sincronización, arrastre y propuesta de hueco probados.;"Rechazo de sesión activa localizado en SQL; no nueva ejecución simultánea arrastre+sesión. Feriados/horas extra y semáforos completos no certificados; D-02/OBS-19 sustituyen sobreasignar.";"Evidencia parcial; escenario íntegro no certificado";A20;"Local; ver límites de cada prueba. Ningún escenario certificado en producción"
E2E-23;Documentos y entrega [B/OBS];PRD-14,DOC-01,DOC-02,DOC-03,OBS-13,OBS-21;Generar OS y nota / Abrir impresión/guardar archivo / Comprobar líneas, cantidades, PO y firmas / Entregar / Recuperar documento desde histórico / Consultar AR y tablero.;"OS incluye precios y nota de entrega los omite conforme base; documentos coinciden con pedido; OP sale de activos al entregar y conserva historia; AR se activa conservando anticipo y plazo.";"produccion-piso;aceptacion-comercial;probar-tarifas-plazo.sql";"Documentos y entregas parcial/total; SQL entrega activa AR y plazo observado30.";"A16 plazo crédito esperado45; impresión física, composición completa de OS/precios vs nota y conservación de anticipo en una misma entrega no certificados.";Divergencia reproducida en parte del escenario;;"Local; ver límites de cada prueba. Ningún escenario certificado en producción"
E2E-24;Ciclo completo de cobro con anticipo [B];AR-03,AR-04,AR-05,AR-06,AR-07,AR-09;Registrar anticipo 580 desde historial / Terminar producción / Comprobar vencimiento T+15 calendario desde activación / Pagar 1740 / Reabrir estado/historial / Repetir con anticipo heredado único en fixture aparte.;"Anticipo deja saldo 1740; tras finalizar se puede cobrar; pago final deja cero y Pagado; anticipo no se cuenta dos veces. Fecha/estado de la OP no sustituyen el estado financiero.";cobranza-flujo;Anticipo sobre AR no cobrable y cobros parcial/sobrepago ejecutados en fixtures separados.;"No cadena única aprobación→anticipo580→entrega→pago1740; evitar sumar fixtures como una sola prueba. Anticipo heredado no estructurado ausente.";"Evidencia parcial; escenario íntegro no certificado";A02,A16,A20;"Local; ver límites de cada prueba. Ningún escenario certificado en producción"
E2E-25;Nueva CxC y edición de pago [B];AR-02,AR-08,AR-10,AR-11;Crear CxC desde orden / Revisar importe, vencimiento, abono y referencia fiscal / Registrar pago / Editar fecha/monto/método/cuenta/TC/notas / Cancelar otra edición / Filtrar CxC y entrar a la OP.;"La cuenta se vincula a la orden; edición válida queda persistida y agregados se concilian; cancelada conserva valores; enlace abre detalle correcto. No afirmar emisión fiscal por guardar un número.";revisión AR-02/08;No ejecutado: acciones no expuestas en interfaz.;Alta manual de factura ausente. Libro inmutable documentado, sin reverso equivalente para corregir pago. No afirmar emisión fiscal.;"No ejecutado; divergencia documentada o capacidad ausente";A20;"Local; ver límites de cada prueba. Ningún escenario certificado en producción"
E2E-26;Aging y navegación por antigüedad [B/OBS];AR-12,AR-13,OBS-01;Abrir Antigüedad y contrastar bandas límite / Revisar días y alerta próxima / Si aplica OBS, pulsar banda 1-30 desde dashboard y abrir cliente/documento.;"Bandas suman 100/200/200/200/100; 30 y 31 días caen en tramos distintos; el filtro navegado muestra exactamente los documentos integrantes sin incluir pagados.";"unitarias aging;dashboard-roles";Bandas de aging en unitarias y panel por roles en navegador.;"Fixture exacto100/200/200/200/100 y navegación a los mismos documentos no ejecutados end-to-end; drilldown de aging sí localizado.";"Pruebas parciales de componentes; E2E integral no ejecutado";;"Local; ver límites de cada prueba. Ningún escenario certificado en producción"
E2E-27;Estado de cuenta de cinco órdenes [B/OBS];AR-14,OBS-27;Elegir primer cliente / Revisar cinco documentos y totales / Entrar a uno / Generar impresión/descarga si aplica OBS / Preparar destinatario de prueba sin enviar a cliente real.;"Solo aparecen sus cinco órdenes, con pagos/saldos y días de atraso; total concilia; documento descargado conserva esa composición. Envío se registra como no ejecutado si no hubo acción autorizada.";"clientes-historial;revisión estado-cuenta-cliente-boton";"Historia del cliente y enlaces probados; estado de cuenta imprimible localizado.";No dataset cinco órdenes, composición descargada y totales conciliados en navegador. Decisión posterior usa abiertas + días cartera, no truncar arbitrariamente a cinco. Envío no autorizado/no ejecutado.;"Evidencia parcial; escenario íntegro no certificado";A02;"Local; ver límites de cada prueba. Ningún escenario certificado en producción"
E2E-28;Cuentas, pagos y movimientos [B/OBS];AR-15,CFG-03,OBS-24,OBS-28;Crear/editar cuentas / Registrar cobro con A / Registrar gasto pagado con A en la mejora / Consultar cobros por cuenta y flujo en dashboard / Inactivar A para uso futuro.;"La base agrupa cobros; OBS agrega egresos/flujo neto +700 para A y 0 para B. Histórico sigue legible al retirar cuenta del selector. Una cuenta sin saldo inicial no declara saldo bancario total.";"cobranza-flujo;gastos-rentabilidad";Cobros y gasto/pagado persistidos con cuentas en pruebas separadas.;No conjunto único cuentaA1000−300=700/B0 ni retiro de cuenta histórica. Flujo neto no equivale a saldo bancario.;"Evidencia parcial; escenario íntegro no certificado";;"Local; ver límites de cada prueba. Ningún escenario certificado en producción"
E2E-29;Gastos manuales, estados y filtros [B];GAS-01,GAS-02,GAS-03,GAS-04,GAS-05,GAS-06,GAS-07,CFG-09;Crear categoría / Registrar gasto USD 100 más IVA 16% a TC 17.50 / Editar proveedor/orden / Registrar otro gasto MXN sin IVA / Marcar pendiente como pagado / Combinar filtros y pulsar categoría del gráfico.;"Primer gasto total USD116/equivalente MXN2030; gastos, categorías, fijos/variables y pendientes concilian con filtros; seleccionar orden muestra folio/cliente; estado pagado queda persistido.";"gastos-rentabilidad;catalogos-comerciales";Alta gasto y marcar pagado, CxP, categoría y sincronización ejecutados.;"Edición/proveedor/tipo fijo-variable y algunos filtros ausentes A19; fixture USD116×17.50 no ejecutado como caso integral.";"Evidencia parcial; escenario íntegro no certificado";A19;"Local; ver límites de cada prueba. Ningún escenario certificado en producción"
E2E-30;Comprobante asistido y captura manual [C/B];GAS-08,GAS-09;Capturar/subir comprobante / Revisar campos extraídos / Corregir un dato antes de guardar / Consultar archivo / Reescanear variante / Usar alta manual sin depender de escaneo.;"La persona confirma los datos; la imagen/documento queda vinculado. Sin servicio, la extracción se marca no verificable, se prueba captura manual y no se declara E2E de escaneo aprobado.";gastos-ocr;Servicio OCR sustituido por stub: extracción→formulario→gasto persistido.;"Proveedor real, fallo de extracción con reintento/manual y reapertura de comprobante no certificados; GAS-09 parcial.";"Evidencia parcial; escenario íntegro no certificado";A19;"Local; ver límites de cada prueba. Ningún escenario certificado en producción"
E2E-31;Catálogos y datos de empresa [B/OBS];CFG-01,CFG-05,CFG-06,CFG-11,OBS-14;Editar datos de empresa/nota / Crear usuario operador / Intentar duplicar PIN de prueba / Crear área/proceso y marca externa / Verificar catálogos en RFQ y taller / Retirar entrada de prueba elegible.;"Los datos guardados se recuperan y alimentan formularios/documentos; se reconoce catálogo de máquinas de referencia sin atribuirle CRUD inexistente. OBS añade subáreas y catálogo solicitado.";"catalogos-comerciales;configuracion-flujo;taller-taxonomia;planeacion-capacidad";TC, tiers/categorías, áreas, operadores por área y capacidad persistidos.;"Alta/baja/PIN operador ausentes A17; jerarquía profunda A06; no todo catálogo/empresa/documentos ni tarifas reales históricas en un único flujo.";"Evidencia parcial; escenario íntegro no certificado";A01,A05,A06,A17;"Local; ver límites de cada prueba. Ningún escenario certificado en producción"
E2E-32;KPI de órdenes y dashboard conciliados [B];DAS-01,DAS-02,DAS-03,DAS-04,DAS-05,DAS-06,ORD-11;Consultar comparativa: orden estimada 10 h con 8 h reales / Contrastar entregas a tiempo/tarde / Consultar ventas/gastos/pipeline/cartera y seguimientos con lista de documentos que componen cada cifra.;"Eficiencia de ejemplo 125%; KPI de horas no se presenta como rentabilidad; ventas/pipeline distinguen internos y estados; margen global/tiempos de respuesta se reproducen con el conjunto base.";"dashboard-roles;probar-invariantes.sql";"Segmentación por roles ejecutada; finanzas cruzadas con SQL reproducen IVA y duplicación de costos.";"A03/A04 no conformes. Comparativa eficiencia125% por orden ausente; no conciliar automáticamente KPI de horas con rentabilidad.";Divergencia reproducida en parte del escenario;A03,A04,A08,A15,A20;"Local; ver límites de cada prueba. Ningún escenario certificado en producción"
E2E-33;Persistencia y segunda sesión [B];ACC-08;En sesión A editar un cliente y RFQ, cambiar OP, registrar pago, editar gasto y una configuración / En B consultar las mismas vistas / Recargar ambas.;"Las seis entidades muestran el último cambio guardado, sus vínculos siguen íntegros y no se crean duplicados; diferenciar sincronización observada de prueba de concurrencia no realizada.";"probar-sincronizacion.mjs;probar-reconexion.mjs;cobranza-flujo;gastos-rentabilidad;planeacion-flujo-colaborativo";"Clientes/pipeline persisten pero no refrescan segunda sesión; cobranza/gastos/planeación sí en E2E. Dashboard recupera gasto perdido tras offline sin recarga.";"A07/A08 y A14 relaciones. No afirmar todos módulos/eventos DELETE/reconexión móvil/desconexión larga; recuperación observada solo dashboard contador/gasto.";Divergencia reproducida en parte del escenario;A07,A08;"Local; ver límites de cada prueba. Ningún escenario certificado en producción"
E2E-34;Prospecto hasta cotización contextual [OBS];OBS-02,OBS-03,OBS-04,OBS-07;Buscar empresa/contacto / Crear prospecto desde Comercial / Registrar no contactado y siguiente llamada / Registrar contacto realizado y nueva acción / Añadir dos solicitudes con área/equipo / Crear cotización modal y abrir calculadora.;"El flujo mantiene cliente/contacto, próxima acción y varias solicitudes; la cotización queda ligada a oportunidad y visible en sección Cotizaciones sin recaptura ni pérdida de contexto.";"aceptacion-comercial;clientes-contactos;clientes-historial";Alta contextual, contactos, editor en oportunidad y enlace de historial probados.;"Ubicación Comercial considerada equivalente a sección Cotizaciones. Varias solicitudes/próxima acción vencida no en un solo ciclo; A14 cliente puede cambiar al aprobar.";"Evidencia parcial; escenario íntegro no certificado";A07,A14;"Local; ver límites de cada prueba. Ningún escenario certificado en producción"
E2E-35;Solicitud distribuida a operadores [OBS];OBS-05,OBS-06,OBS-08,OBS-09,OBS-18,OBS-20;Aprobar desde Comercial / Abrir partida en Planeación / Leer descripción/material/estado / Programar contextual / Consultar colas por área / Iniciar con actor asignado y abrir/descargar planos.;"Cada área recibe sus tareas, identifica quién/qué/cuándo y conserva pedido común; el selector no exige IDs internos; las acciones operativas responden a asignación y estado.";"taller-taxonomia;planeacion-flujo-colaborativo;aceptacion-comercial";"Línea con área/estación, reparto y asignación básica; resumen de planeación.";A05/A06 afectan permisos y cola jerárquica. No ejecución completa solicitud→todos los operadores→cierre con subprocesos de tercer nivel.;"Evidencia parcial; escenario íntegro no certificado";A05,A06,A08;"Local; ver límites de cada prueba. Ningún escenario certificado en producción"
E2E-36;Órdenes como tablero y comentarios [OBS];OBS-11,OBS-15,OBS-16,OBS-17;Crear OP desde Comercial / Entrar a su detalle por tarjeta / Comentar / Programar/iniciar/pausar/reanudar mediante menú / Abrir cliente y consultar cotización, orden y nota de operador / Cancelar otra orden de prueba.;"La creación cotidiana se centraliza; estados y etiquetas/contadores cambian; comentario persiste con actor/fecha y la nota técnica se refleja automáticamente en ficha; cancelar preserva historial.";"comentarios-notificaciones;clientes-historial;probar-invariantes.sql";"Comentario/mención recibida por otra identidad, enlaces y notas automáticas; cancelación SQL conserva historia pero deuda también.";"A02 no conforme; contadores de órdenes y menú completo faltan. Comentarios en terminal PIN no montados aunque existen en Producción administrativa.";Divergencia reproducida en parte del escenario;A02;"Local; ver límites de cada prueba. Ningún escenario certificado en producción"
E2E-37;Entrega parcial independiente [OBS];OBS-10,OBS-13;Entregar cuatro con documento parcial / Consultar cliente y pendientes / Entregar seis con segundo documento / Recuperar ambas conformidades.;"Producción puede estar 100% aunque entrega sea 40%; quedan cuatro entregadas y seis pendientes antes de cierre; cada documento refleja cantidades efectivas y acumuladas; entrega final completa 10 sin duplicar.";produccion-piso;"Producción completa5; entrega2+3 en dos documentos y actualización de otra vista.";Equivalencia de cantidades respecto4+6/10, no exige números idénticos. Impresión física, entrega simultánea y cancelar antes de confirmar no ejecutados en este caso.;"Evidencia parcial; escenario íntegro no certificado";;"Local; ver límites de cada prueba. Ningún escenario certificado en producción"
E2E-38;Consumo automático al finalizar [OBS];OBS-12;Finalizar producción / Consultar existencias/movimiento / Reintentar confirmación sin nueva fabricación / Repetir fixture con 5 ya consumidas y cierre por 12 totales.;"Saldo88, consumo total12 una sola vez, movimiento ligado a OP/partida; la variante descuenta solo7 adicionales. No basta cambiar el contador visual sin movimiento recuperable.";"ordenes-flujo-completo;concurrencia-estricta";Consumo real ligado a partida y stock concurrente sin negativo probados.;"D-10 admite consumo durante producción; no obligación duplicarlo al cierre. Variante exacta100−12=88 con5 ya consumidas más7 no recorrida en navegador.";"Evidencia parcial; escenario íntegro no certificado";;"Local; ver límites de cada prueba. Ningún escenario certificado en producción"
E2E-39;Cobro MXN/USD [OBS];OBS-22,OBS-23;Abrir cobro en MXN y comprobar TC1 bloqueado / Cambiar a USD, capturar100 y TC17.50 / Revisar equivalente1750 y guardar / Reabrir / Probar conversión explícita inversa si está disponible.;"Se conservan moneda/importe original, TC aplicado y MXN1750; no se aplica conversión dos veces; el cambio de selector sigue una regla visible. Aprobación deja registro visible sin adelantar exigibilidad por inferencia.";"cobranza-flujo;unitarias cobranza";"Pago y anticipo en UI; validaciones de divisas y conversión en unitarias.";"No demostrar UI USD100×17.50 con cambio selector/cancelar/recargar solo por unitarias. D-07 conserva moneda+TC; conversión inversa pendiente.";"Evidencia parcial; escenario íntegro no certificado";A02;"Local; ver límites de cada prueba. Ningún escenario certificado en producción"
E2E-40;Saldo a favor y documento de cobro [OBS];OBS-25,OBS-26;Registrar pago1200 / Consultar ficha y columna de saldo a favor / Generar documento / Aplicar150 del crédito a segunda orden / Revisar cuentas.;"Primera deuda0, crédito200; después crédito50 y segunda deuda disminuye150; ingreso bancario ocurre solo al cobrar1200, no al aplicar crédito. Documento explica pago, deuda cubierta y excedente.";cobranza-flujo;"Sobrepago crea saldo a favor y recibo persistido; parcial y cartera se sincronizan.";"Aplicar150 de excedente200 a segunda deuda y verificar un solo ingreso no ejecutado en ese E2E; lógica/SQL revisados no sustituyen ejecución.";"Evidencia parcial; escenario íntegro no certificado";;"Local; ver límites de cada prueba. Ningún escenario certificado en producción"
E2E-41;Rentabilidad y tarifas históricas [OBS];OBS-29,OBS-30;Abrir desglose por orden / Comprobar material real, sesiones por estación y gastos / Cambiar una tarifa para nuevos trabajos / Comparar la orden histórica y nueva cotización.;"Costo6000, utilidad4000 y margen40%; cambiar tarifas no reescribe costo/venta históricos; no contar dos veces un gasto de material o MO ya imputado.";"gastos-rentabilidad;gastos-rentabilidad-ti;probar-invariantes.sql;probar-tarifas-plazo.sql";"Costos/rentabilidad/TI probados. A03/A04 reproducidos; dos tarifas conservan costo100+200=300 pero repiten estimado2h por fila.";A15 estimado duplicado y discrepancias financieras no conformes. Fixture neto10000/costo6000 completo, edición tarifa y proveedor real no todos en navegador.;Divergencia reproducida en parte del escenario;A03,A04,A15;"Local; ver límites de cada prueba. Ningún escenario certificado en producción"
