ID;Origen;Modulo;Capacidad;Fuente;Condicion_o_solicitud;Resultado_esperado;Casos_E2E;Estado_objetivo;Evidencia_objetivo
ACC-01;B;Acceso y navegación;Acceso por identidad;"src/App.jsx:447-480;4533-4538";se introduce el PIN de un usuario registrado;"Se identifica al usuario por nombre y rol; el administrador entra al panel administrativo y el operador a Producción. Conservar la función de identificación, sin trasladar valores de PIN del código antiguo.";E2E-01;Pendiente de verificar;
ACC-02;B;Acceso y navegación;Captura y rechazo de PIN;"src/App.jsx:447-480;3160-3164";se usa el teclado numérico, borrar o un PIN no reconocido;"La entrada puede corregirse; un PIN no reconocido no abre una sesión y permite reintentar. La interfaz declara PIN de 4 a 6 dígitos; validar ese rango en la versión objetivo.";E2E-01;Pendiente de verificar;
ACC-03;B;Acceso y navegación;Navegación administrativa;"src/App.jsx:4358;4582-4596";el administrador selecciona una opción del menú;Puede abrir Dashboard, RFQ/Pipeline, Órdenes, CxC, Gastos/CxP, Clientes y Configuración, con indicador de vista activa.;E2E-01;Pendiente de verificar;
ACC-04;B;Acceso y navegación;Cambio de vista y cierre de sesión;"src/App.jsx:3750-3756;4533-4537;4584-4586";el administrador abre Producción, regresa al panel o cierra sesión desde el panel;"Se conserva la identidad durante el cambio de vista; la vuelta administrativa corresponde al rol admin; cerrar sesión devuelve al acceso.";E2E-01;Pendiente de verificar;
ACC-05;B;Acceso y navegación;Identidad en taller y confirmación de cierre;"src/App.jsx:3399-3419;3432-3440;4133-4155";se guarda una sesión de trabajo;El sistema pide confirmar identidad por PIN y registra identificador y nombre de quien confirma el trabajo. No confundir esta confirmación con una asignación individual de tareas.;E2E-18;Pendiente de verificar;
ACC-06;B;Acceso y navegación;Actualización diaria del tipo de cambio;"src/App.jsx:4405-4406;4543-4556";el administrador entra con una fecha de TC distinta al día actual;"Se solicita el TC MXN por USD, permite capturarlo y confirmar la fecha de actualización; muestra TC en el panel.";E2E-02;Pendiente de verificar;
ACC-07;B;Acceso y navegación;Carga y reintento;"src/App.jsx:4408-4430;4516-4533";se abre la aplicación o no se logra cargar su información;"Se distingue carga de datos, acceso y pantalla de reintento; no se presenta un conjunto vacío como si fuera información cargada correctamente.";E2E-01;Pendiente de verificar;
ACC-08;B;Acceso y navegación;Disponibilidad compartida de registros;src/App.jsx:4365-4514;se crea o edita un cliente, RFQ, orden, AR, gasto o configuración;"Los registros se guardan y se recuperan en una nueva carga; otra sesión recibe las actualizaciones de las entidades suscritas. La prueba de persistencia y de segunda sesión es obligatoria para aceptar la equivalencia.";E2E-33;Pendiente de verificar;
DAS-01;B;Dashboard;Resumen comercial mensual;src/App.jsx:562-587;se consulta el dashboard con cotizaciones aprobadas y órdenes manuales comerciales;"Se muestran ventas del mes en MXN y pipeline activo; las órdenes internas se identifican por separado y no se tratan como ventas a clientes.";E2E-32;Pendiente de verificar;
DAS-02;B;Dashboard;Gastos y margen global;"src/App.jsx:570-572;597";se consulta el resumen ejecutivo;"Se muestran gastos del mes y margen porcentual derivado de ventas y gastos; este indicador global no sustituye rentabilidad individual por orden.";E2E-32;Pendiente de verificar;
DAS-03;B;Dashboard;Situación de las órdenes;"src/App.jsx:573-574;598";existen órdenes en distintos estados y fechas requeridas;Se muestran conteos de órdenes activas y atrasadas, destacando atraso según fecha y estado operativo.;E2E-32;Pendiente de verificar;
DAS-04;B;Dashboard;Situación de cartera;"src/App.jsx:575-576;598";existen AR pendientes con vencimientos diversos;Se muestran CxC pendiente y CxC vencida en MXN a partir de saldos, no del valor original de documentos ya pagados.;E2E-32;Pendiente de verificar;
DAS-05;B;Dashboard;Rendimiento del pipeline;"src/App.jsx:577-581;600-610";hay RFQ con fecha de registro, envío y decisión;Se muestran conversión aprobadas/total, tiempo medio de respuesta, proporción respondida dentro de 24 h y referencia de meta de 80%.;E2E-32;Pendiente de verificar;
DAS-06;B;Dashboard;Seguimientos y distribución del gasto;"src/App.jsx:585-596;612-620";hay RFQ enviadas cuyo seguimiento vence hoy y gastos categorizados;Se muestra el aviso de seguimientos pendientes y la distribución mensual por categoría con importes y proporciones.;E2E-32;Pendiente de verificar;
CLI-01;B;Clientes;Alta y edición del cliente;"src/App.jsx:625-630;728-753";se crea o modifica una ficha;"Se conserva nombre comercial, razón social, RFC, contacto, email, teléfono, condiciones de pago, estado, límite de crédito y tier manual con fecha; el nombre comercial es requerido.";E2E-03;Pendiente de verificar;
CLI-02;B;Clientes;Búsqueda y filtros;"src/App.jsx:631-680;732";se busca por nombre comercial o razón social y se combinan filtros;"Se puede consultar por tier, estado y condición de pago, ver cantidad de resultados y limpiar filtros. El filtro presenta activo/inactivo/prospecto; el formulario de este ZIP solo expone activo/inactivo.";E2E-03;Pendiente de verificar;
CLI-03;B;Clientes;Listado y acceso a historial;src/App.jsx:676-726;se selecciona un cliente desde nombre o botón Historial;Se muestran datos principales, cantidad de órdenes, tier, consumo, crédito y un historial vinculado al cliente seleccionado.;E2E-03;Pendiente de verificar;
CLI-04;B;Clientes;Disponibilidad de crédito;"src/App.jsx:120;683-700;713";un cliente tiene límite definido y documentos pendientes;"Se informa crédito utilizado, disponible y porcentaje; se distinguen niveles menores de 80%, desde 80% y desde 100%. Sin límite definido se muestra ausencia de límite calculado.";E2E-03;Pendiente de verificar;
CLI-05;B;Clientes;Tier automático por consumo;"src/App.jsx:361-387;683-714";se consulta un cliente con órdenes entregadas de los últimos tres meses;Se obtiene el tier por consumo elegible y se muestran descuento, consumo acumulado, siguiente tier, importe faltante y progreso hacia él.;E2E-04;Pendiente de verificar;
CLI-06;B;Clientes;Tier inicial temporal;"src/App.jsx:371-381;735-751";se asigna un tier manual y su fecha de inicio;"Se informa vigencia de 90 días; mientras está vigente se toma el descuento más beneficioso entre manual y automático; vencida la vigencia se evalúa el consumo real.";E2E-04;Pendiente de verificar;
CLI-07;B;Clientes;Historial de órdenes;src/App.jsx:715-726;se abre el historial;"Se listan órdenes del cliente con área, fecha y estado, ordenadas por aprobación; no se atribuye al ZIP un historial navegable completo de cotizaciones ni un portal externo de clientes.";E2E-14;Pendiente de verificar;
CLI-08;B;Clientes;Repetición de un trabajo;"src/App.jsx:631;717-723";se selecciona Repetir en una orden histórica;"Se puede reutilizar información comercial/técnica para un nuevo trabajo y reconocer su nuevo identificador. En el objetivo, reiniciar avances, sesiones, pagos y documentos propios de la ejecución anterior; el canal de creación se ajusta a OBS-15.";E2E-14;Pendiente de verificar;
RFQ-01;B;Pipeline y cotizaciones;Cotización multilínea;"src/App.jsx:979;1267-1437";se registra una solicitud comercial;"Se capturan cliente, contacto, PO, prioridad, moneda, condiciones, fecha requerida, horas estimadas, responsable, seguimiento, estado, notas, archivos y varias líneas; una línea contiene descripción, material, espesor, cantidad, precio unitario, área y procesos.";E2E-05;Pendiente de verificar;
RFQ-02;B;Pipeline y cotizaciones;Alta rápida de cliente;"src/App.jsx:1053;1283-1285;1440-1444";el cliente no existe al cotizar;"Desde el modal comercial se abre Nuevo cliente, se captura nombre comercial, razón social, RFC, contacto, teléfono y condición de pago; al guardar queda en Clientes y seleccionado en la cotización sin perderla.";E2E-05;Pendiente de verificar;
RFQ-03;B;Pipeline y cotizaciones;Condiciones y descuento del cliente;"src/App.jsx:1270-1305;1372-1393";se selecciona un cliente con condiciones y tier;"Se heredan las condiciones de pago y se muestra su tier; el descuento se representa como una línea identificable, se puede quitar y afecta los totales. Recalcularlo al cambiar la base comercial.";E2E-05;Pendiente de verificar;
RFQ-04;B;Pipeline y cotizaciones;Gestión de líneas;"src/App.jsx:1011-1016;1357-1426";se agrega, modifica o retira una línea;"Se actualizan cantidad, precio y subtotal; se permite más de una solicitud en la misma cotización y se conserva al menos una línea comercial editable.";E2E-05;Pendiente de verificar;
RFQ-05;B;Pipeline y cotizaciones;Áreas y procesos por línea;"src/App.jsx:1076-1105;1339-1355;1395-1417";se cotizan piezas de distintos departamentos;"Cada línea puede tener área y varios procesos; una misma orden resultante puede involucrar varias áreas; se distingue la secuencia seleccionada y se excluyen líneas de descuento de las partidas fabricables.";E2E-07;Pendiente de verificar;
RFQ-06;B;Pipeline y cotizaciones;Trabajo externo;"src/App.jsx:1089-1090;1385-1387;1415-1417";se elige un área marcada EXT;"La línea identifica su condición externa, procesos y proveedor externo de texto; esos datos acompañan la partida generada. No equivale a un módulo completo de proveedores/compras.";E2E-07;Pendiente de verificar;
RFQ-07;B;Pipeline y cotizaciones;Estados comerciales;"src/App.jsx:1009;1156-1157;1234-1260;1308";se guarda o edita una cotización;"Se reconocen pendiente, enviada, aprobada y rechazada; prioridad normal/media/alta y etiquetas son dimensiones separadas del estado de producción.";E2E-06;Pendiente de verificar;
RFQ-08;B;Pipeline y cotizaciones;Fechas de envío y seguimiento;"src/App.jsx:1009;1239-1240;1256;1323;1337";una cotización pasa por primera vez a enviada sin fecha de envío;"Se propone envío de hoy, seguimiento a tres días hábiles y vencimiento a diez días hábiles; las fechas pueden consultarse y editarse.";E2E-06;Pendiente de verificar;
RFQ-09;B;Pipeline y cotizaciones;Identificación de trabajos internos;"src/App.jsx:1040;1103-1114;1311-1321";se activa Orden interna;"Se diferencia el trabajo interno TI, se genera folio con prefijo TI y se preserva esa condición al crear la orden; no se genera AR comercial por esa aprobación.";E2E-09;Pendiente de verificar;
RFQ-10;B;Pipeline y cotizaciones;Folio comercial mensual;"src/App.jsx:101-113;1039-1048;1092-1093";se crea una RFQ normal;"Se genera identificador CNCMMYY-NNN a partir de mes/año y secuencia, considerando folios existentes y contador; el folio se comparte como referencia entre cotización y orden.";E2E-07;Pendiente de verificar;
RFQ-11;B;Pipeline y cotizaciones;Moneda e impuesto de cotización;"src/App.jsx:115-118;991-993;1309;1429-1433";se cambia entre MXN y USD o se activa IVA;"Se muestran subtotal, IVA opcional, total en moneda y equivalente MXN para USD. El ZIP contiene IVA 16% en estas operaciones; cualquier tasa objetivo distinta debe registrarse como regla de negocio explícita.";E2E-05;Pendiente de verificar;
RFQ-12;B;Pipeline y cotizaciones;Etiquetas múltiples;"src/App.jsx:1219-1225;1244-1246;1324-1335";se clasifica una RFQ;"Se añaden o quitan varias etiquetas de configuración sin sustituir el estado; se ven en el listado y sirven para filtrar.";E2E-06;Pendiente de verificar;
RFQ-13;B;Pipeline y cotizaciones;Búsqueda y combinación de filtros;"src/App.jsx:1159-1171;1196-1230";se consulta el pipeline;"Se busca por folio o cliente y se filtra por estado, cliente, área, prioridad, etiqueta y período; se muestra número de resultados y acción de limpiar.";E2E-06;Pendiente de verificar;
RFQ-14;B;Pipeline y cotizaciones;Resumen de pipeline;"src/App.jsx:1178-1194;1234-1260";se consulta el módulo;"Se muestran total, aprobadas, conversión, importe pendiente/enviado y conteo/importe por estado; cada fila muestra seguimiento y estado de la orden vinculada.";E2E-06;Pendiente de verificar;
RFQ-15;B;Pipeline y cotizaciones;Aprobación comercial integrada;src/App.jsx:1055-1153;se aprueba una cotización normal;"Se marca aprobada, se genera orden en Aprobado con cliente, líneas, áreas, procesos, metas, horas, PO, notas y adjuntos; se crea AR en borrador con saldo y condiciones. Una repetición de la aprobación debe conservar una sola cadena de documentos.";E2E-07;Pendiente de verificar;
RFQ-16;B;Pipeline y cotizaciones;Autorización por límite de crédito;"src/App.jsx:1144-1153;484-487";se aprueba mediante Aprobar un cliente que ya alcanzó su límite;"Se solicita autorización administrativa antes de continuar; confirmar permite la aprobación, cancelar mantiene la cotización sin aprobar. No inventar en la base un control de crédito proyectado si no está evidenciado.";E2E-08;Pendiente de verificar;
RFQ-17;B;Pipeline y cotizaciones;Edición posterior y aviso a taller;"src/App.jsx:1023-1035;3473-3484;4558-4579";se modifica una RFQ que tiene orden vinculada;"Se conserva folio, se marca cambio comercial y la orden puede aparecer como pendiente de sincronizar; se permite trasladar el cambio mediante la acción de sincronización de Órdenes.";E2E-13;Pendiente de verificar;
RFQ-18;B;Pipeline y cotizaciones;Retiro de cotización sin orden;src/App.jsx:1258-1260;se elimina una RFQ pendiente, enviada o rechazada sin orden asociada;"Se pide confirmación y se retira esa cotización; no se usa el retiro como sustituto de cancelar una orden en curso.";E2E-16;Pendiente de verificar;
RFQ-19;B;Pipeline y cotizaciones;Archivos de solicitud;"src/App.jsx:416-443;1101;1435";se adjuntan uno o varios planos o referencias;"Se ven los nombres, se pueden abrir y quitar del formulario; los archivos acompañan a la orden y pueden ser consultados en Producción.";E2E-12;Pendiente de verificar;
COT-01;B;Cotizador técnico;Cálculo dentro de la cotización;"src/App.jsx:1010-1016;1421;1446;968-970";se abre la calculadora de una línea;"Se abre un modal sin abandonar la RFQ; al confirmar traslada precio unitario, material, espesor y datos de cálculo a esa línea.";E2E-10;Pendiente de verificar;
COT-02;B;Cotizador técnico;Procesos acumulables;"src/App.jsx:320-358;867-877";se seleccionan las estaciones de cotización;Se combinan Corte Láser, Router CNC, Dobladora, Fabricación y Otros/Flete, y el costo total suma las estaciones activas.;E2E-10;Pendiente de verificar;
COT-03;B;Cotizador técnico;Material y cantidad;"src/App.jsx:759-771;801-803;849-865";se configura la pieza;"Se selecciona acero al carbono, acero inoxidable, aluminio u otro; se indica espesor en mm y cantidad; el costo unitario se obtiene del costo total y la cantidad.";E2E-10;Pendiente de verificar;
COT-04;B;Cotizador técnico;Lectura geométrica DXF;"src/App.jsx:177-317;774-786;825-846";se carga o arrastra un DXF interpretable;"Se detectan unidades y se convierten a mm; se presentan dimensiones, perímetro en metros, perforaciones y área rectangular envolvente estimada; perímetro y perforaciones precargan láser y siguen siendo editables.";E2E-10;Pendiente de verificar;
COT-05;B;Cotizador técnico;Compatibilidad de geometrías DXF;src/App.jsx:177-317;se analiza un archivo con geometrías compatibles;"Se reconocen LINE, CIRCLE, ARC, ELLIPSE, LWPOLYLINE, POLYLINE y SPLINE según el lector del adjunto; se diferencian estimaciones de geometría de un cálculo industrial certificado. Unidades previstas: mm, pulgadas, cm, m y pies.";E2E-10;Pendiente de verificar;
COT-06;B;Cotizador técnico;EPS y AI con captura manual;"src/App.jsx:787-799;827-845";se adjunta EPS o AI en el cotizador;"EPS con BoundingBox propone dimensiones; el resto se captura manualmente. AI se trata como diseño adjuntable con parámetros manuales; no se exige lectura automática que el adjunto no ofrece.";E2E-10;Pendiente de verificar;
COT-07;B;Cotizador técnico;Costo de corte láser;"src/App.jsx:324-334;880-896";se elige gas, velocidad, longitud, perforaciones, setup y material;"Se consideran horas de corte, tiempo de perforación por material/espesor, tarifa de máquina, consumo y costo del gas, setup y costo de material; se admiten O2, N2 y aire.";E2E-11;Pendiente de verificar;
COT-08;B;Cotizador técnico;Costo de router;"src/App.jsx:336-340;898-910";se cotiza Router CNC;Se capturan End-mill/Ball-nose, número de fresas, horas de maquinado, setup y costo de material, usando las tarifas configuradas.;E2E-11;Pendiente de verificar;
COT-09;B;Cotizador técnico;Costo de doblado;"src/App.jsx:341-350;912-930";se cotiza Dobladora;"Se capturan complejidad simple/media/compleja, longitud, setup, material y segundo operario; se calcula productividad afectada por longitud y costo adicional del segundo operario.";E2E-11;Pendiente de verificar;
COT-10;B;Cotizador técnico;Fabricación y otros costos;"src/App.jsx:351-358;932-950";se cotizan operaciones de fabricación y logística;"Se capturan horas de mano de obra, soldadura, acabados, materiales, otros/subcontrato, flete y otros costos; soldadura incluye sus consumibles.";E2E-11;Pendiente de verificar;
COT-11;B;Cotizador técnico;Precio y recargo;"src/App.jsx:801-803;952-970";se ajusta el campo llamado Margen %;"Se muestran costo total, costo unitario y precio unitario; el cálculo base es costo unitario por (1 + porcentaje/100), es decir recargo sobre costo. No sustituirlo silenciosamente por margen sobre venta.";E2E-11;Pendiente de verificar;
ORD-01;B;Órdenes;Listado y filtros;src/App.jsx:1589-1705;se consultan órdenes;"Se ve folio, origen RFQ/manual, cliente, área, horas, fecha y estado; se combina búsqueda por ID/cliente/notas con estado, área, cliente, tipo TI/comercial y período; se pueden limpiar filtros.";E2E-15;Pendiente de verificar;
ORD-02;B;Órdenes;Resumen operativo e interno;"src/App.jsx:1583-1588;1620-1632";hay órdenes comerciales e internas;"Se muestran totales, en proceso, atrasadas y entregadas; las TI incluyen conteo mensual, horas dedicadas y trabajos en progreso.";E2E-09;Pendiente de verificar;
ORD-03;B;Órdenes;Detalle integral;src/App.jsx:1793-1869;se hace clic en la fila de una orden;Se abre un modal con cliente, fechas, horas estimadas/reales, eficiencia, sesiones, líneas con importes y adjuntos de entrada, salida y sesiones.;E2E-15;Pendiente de verificar;
ORD-04;B;Órdenes;Alta administrativa base;"src/App.jsx:1516;1527-1543;1616-1617;1919-1940";se registra una orden desde Nueva orden en el ZIP;"Se puede vincular RFQ aprobada o capturar cliente, área, fecha, horas, notas y partidas; se identifica como capacidad antigua que OBS-15 reemplaza por creación comercial centralizada.";E2E-14;Pendiente de verificar;
ORD-05;B;Órdenes;Edición de orden;"src/App.jsx:1527-1543;1688-1698;1919-1964";se abre Editar;Se pueden cambiar RFQ vinculada, cliente, área, procesos, horas estimadas, fecha requerida, estado, notas, partidas y archivos. La versión objetivo debe definir qué campos siguen editables después de iniciar y preservar la ejecución ya registrada.;E2E-15;Pendiente de verificar;
ORD-06;B;Órdenes;Captura de trabajo heredado;"src/App.jsx:1546-1572;1977-2065";se usa Orden manual (migración);"Se captura ID previo único, cliente, monto sin IVA, IVA, condición de pago, referencia externa, área, procesos, fecha, horas, notas, archivos y partes; crea orden en Bandeja y AR borrador sin consumir folio RFQ. Reconciliar esta excepción con OBS-15.";E2E-14;Pendiente de verificar;
ORD-07;B;Órdenes;Partes y metas;"src/App.jsx:1452-1505;1939-1940;2050";se usa el editor de partes;Se agregan/retiran partes, se define número o nombre de parte, descripción, material y cantidad, se seleccionan procesos ordenados y se indica meta de piezas por proceso.;E2E-15;Pendiente de verificar;
ORD-08;B;Órdenes;Sincronización comercial;src/App.jsx:1870-1905;se elige Sincronizar con RFQ y se confirma;"Se actualizan líneas, áreas, procesos, proveedores y archivos de la orden; se preservan identificadores compatibles y avances existentes; se marca sincronizada y deja de mostrar aviso de cambio pendiente.";E2E-13;Pendiente de verificar;
ORD-09;B;Órdenes;Nuevos archivos durante ejecución;"src/App.jsx:1532-1538;1942-1962;3482-3485;4042-4060";se agregan adjuntos a una orden en proceso o pausada;"El operador ve aviso de nuevos archivos y puede marcarlo visto; puede consultar los documentos comerciales y de la orden desde el detalle.";E2E-12;Pendiente de verificar;
ORD-10;B;Órdenes;Eliminación administrativa;"src/App.jsx:1576-1581;1967-1974";se solicita retirar una orden;"Se confirma el retiro y se comprueba si existe AR activo pendiente/borrador; con ese vínculo no procede la eliminación. La versión mejorada puede usar baja lógica equivalente y debe preservar trazabilidad histórica.";E2E-16;Pendiente de verificar;
ORD-11;B;Órdenes;Comparativa de desempeño;src/App.jsx:1708-1792;se abre Comparativa KPI;"Se comparan por orden comercial horas estimadas/reales, eficiencia, puntualidad, sesiones, incidencias contadas como pausas y venta MXN; se muestran totales y promedio.";E2E-32;Pendiente de verificar;
ORD-12;B;Órdenes;Estados y fechas operativas;"src/App.jsx:91-99;1516-1517;1575;1637-1639;1937;3320-3335";se consulta o edita el estado de una orden;"Se distinguen aprobado, bandeja, en_proceso, pausada, lista, entregada y cancelada. Fecha requerida y fecha planeada son datos distintos; existen semánticas de fecha fija/flexible en los datos, sin asumir un selector visible que no se muestra.";E2E-15;Pendiente de verificar;
PRD-01;B;Producción;Tableros de trabajo;"src/App.jsx:3291-3297;3529;3745-3789";el operador abre Producción;"Se presenta saludo/nombre, fecha, contadores de bandeja y urgentes, vistas Kanban, Calendario y Por área; Kanban separa Aprobado, Bandeja, En proceso, Pausada y Lista.";E2E-17;Pendiente de verificar;
PRD-02;B;Producción;Filtrar y agrupar por área;"src/App.jsx:3274-3281;3764-3786;3793-3847";se selecciona un área;"Kanban y calendario consideran las áreas de líneas/partidas; la vista Por área muestra agrupación por procesos y trabajos sin proceso. En la versión objetivo validar visibilidad de todas las partes de órdenes multiárea.";E2E-17;Pendiente de verificar;
PRD-03;B;Producción;Tarjeta de trabajo;src/App.jsx:3465-3526;se ve una orden operativa;"Se muestran cliente, folio, TI si corresponde, áreas, procesos, fecha, horas, semáforo, cantidad de archivos, motivo de pausa, avance y sesiones; al seleccionar se abre su detalle.";E2E-17;Pendiente de verificar;
PRD-04;B;Producción;Preparación e inicio;"src/App.jsx:3299-3318;3338-3360;3517-3520";una orden pasa de Aprobado a Bandeja y luego Iniciar;"Se actualizan estado y contadores; iniciar comprueba que no exista otra orden en proceso con área compartida. El nivel de exclusividad base es área, no cada máquina individual.";E2E-17;Pendiente de verificar;
PRD-05;B;Producción;Pausa motivada;"src/App.jsx:48;3301;3361-3364;4158-4169";se pulsa Pausar;"Se elige falta de información, material pendiente, aprobación de cliente, problema técnico, mantenimiento u otro; confirmar deja Pausada con motivo y libera su fecha planeada.";E2E-18;Pendiente de verificar;
PRD-06;B;Producción;Reanudación con contexto;"src/App.jsx:3521;4082-4131";se reanuda una orden pausada que tiene sesiones;"Se muestra última sesión, operador, horario, avances, notas y motivo; Continuar reanuda aplicando el control de área ocupada y Cancelar conserva la pausa.";E2E-18;Pendiente de verificar;
PRD-07;B;Producción;Sesión de trabajo;"src/App.jsx:3372-3462;4188-4344";se abre Cerrar sesión;"Se capturan hora inicial/final, tipo y detalle de incidente, notas del turno, archivos de avance y piezas; se conservan fecha, operador e identificador de la sesión al guardar.";E2E-18;Pendiente de verificar;
PRD-08;B;Producción;Horas netas;"src/App.jsx:166-175;3882-3911";una sesión cruza el descanso de 12:00 a 13:00;"Las horas netas descuentan solo el solapamiento con esa franja; se acumulan entre sesiones y se muestran contra horas cotizadas, restantes y exceso. Registrar cualquier jornada diferente como regla objetivo.";E2E-19;Pendiente de verificar;
PRD-09;B;Producción;Avances parciales por parte y proceso;"src/App.jsx:128-165;3393;3422-3446;4254-4306";se registran cantidades en varias sesiones;"Se acumulan las piezas por pareja parte/proceso, se ve hecho/meta/pendiente/porcentaje y se determina cuándo todos los procesos llegaron a su meta; contar operaciones no equivale a piezas físicas únicas.";E2E-19;Pendiente de verificar;
PRD-10;B;Producción;Orden heredada sin partes;"src/App.jsx:3372-3391;4209-4253;4329-4340";se trabaja una orden antigua sin items estructurados;"Se ofrece avance global por piezas del día y acumulado; se puede guardar sesión o marcar completa. Cuando las líneas tienen área y procesos, se dispone de generación de partidas para continuar con detalle.";E2E-19;Pendiente de verificar;
PRD-11;C;Producción;Procesos según área del operador;"src/App.jsx:4254-4302;3150-3165";la identidad dispone de un areaId y procesos configurados;El cierre presenta procesos de esa área e informa los pendientes de otros operadores. Es una capacidad condicionada por datos: el formulario de alta de usuarios del ZIP no incorpora la asignación de área.;E2E-20;Pendiente de verificar;
PRD-12;B;Producción;Confirmación documental e identidad;"src/App.jsx:3399-3419;4309-4327";se guarda una sesión;"Se requieren hora de inicio/fin, confirmación de devolución de archivos y PIN; cancelar la confirmación no registra la sesión. Las notas aparecen como campo de turno; no inventar validación obligatoria del ZIP donde solo existe una etiqueta.";E2E-18;Pendiente de verificar;
PRD-13;B;Producción;Cierre parcial y final;"src/App.jsx:3422-3462;3519-3523;3780-3786";se guarda avance incompleto o se completan todas las metas;"El parcial conserva el trabajo abierto y su historial; completar todas las metas mueve a Lista; Lista permite Entregar. Una orden entregada sale de los tableros activos y conserva documentos e historial.";E2E-19;Pendiente de verificar;
PRD-14;B;Producción;Activación de cobranza por fin de trabajo;"src/App.jsx:3303-3313;3448-3456;49";una orden comercial llega a Lista o Entregada;"Su AR borrador pasa a pendiente y recibe vencimiento según contado/15/30/crédito; anticipos registrados se conservan. Separar existencia del AR desde aprobación de exigibilidad al terminar.";E2E-23;Pendiente de verificar;
PRD-15;B;Producción;Reactivación administrativa;"src/App.jsx:3522;4072-4077";el administrador selecciona Reactivar en una orden Lista;"Se permite volver al trabajo operativo preservando sesiones previas; es una acción diferenciada del cierre o entrega y debe reconciliarse con la política financiera objetivo.";E2E-21;Pendiente de verificar;
PRD-16;B;Producción;Detalle técnico para fabricar;src/App.jsx:3851-4007;se abre una tarjeta;"Se consulta qué fabricar, descripción, material, espesor, cantidades, áreas, procesos, notas, progreso por parte, fecha requerida y planeada, sesiones y horas; no se exige al operador reconstruir el pedido por el folio.";E2E-21;Pendiente de verificar;
PRD-17;B;Producción;Historial de sesiones y archivos;src/App.jsx:4009-4067;se consulta el detalle de Producción;"Se ven sesiones con fecha, operador, horario neto, incidentes, avances, notas y adjuntos; se distinguen planos del cliente, archivos de sesión y salida final, con apertura en modo lectura.";E2E-21;Pendiente de verificar;
PRD-18;B;Producción;Bitácora de operaciones;"src/App.jsx:3315-3316;3459-3460;3252-3258;4413-4417";se cambia un estado o se guarda sesión;"Se registra acción, orden, usuario y momento; Configuración expone un historial reciente. El ZIP lo mantiene en datos de sesión; no atribuir persistencia remota de logs como ya demostrada.";E2E-21;Pendiente de verificar;
PLA-01;B;Calendario y planeación;Calendario semanal y mensual;"src/App.jsx:3531-3743;3793-3806";se abre Calendario;"Se puede alternar semana/mes, navegar anterior/siguiente, regresar a hoy y filtrar área; las órdenes muestran su fecha planeada y acceso a detalle.";E2E-22;Pendiente de verificar;
PLA-02;B;Calendario y planeación;Asignar fecha por arrastre;"src/App.jsx:3320-3336;3584-3587;3638-3646;3677-3696";se arrastra una orden sin planear a un día;"Se guarda fechaPlaneada y se muestra en el día; una orden en proceso activo no puede moverse; se conserva la fecha requerida comercial.";E2E-22;Pendiente de verificar;
PLA-03;B;Calendario y planeación;Capacidad diaria base;"src/App.jsx:3294;3327-3335;3564-3579;3594-3627";se distribuyen órdenes con horas estimadas;"Se compara la suma diaria contra una capacidad global de ocho horas por defecto; se muestran horas utilizadas/libres, estimadas/reales y sobrecarga. No atribuir al ZIP una agenda individual por operador o máquina.";E2E-22;Pendiente de verificar;
PLA-04;B;Calendario y planeación;Tratamiento de sobrecarga base;"src/App.jsx:3329-3332;4172-4186";una orden supera la capacidad del día;Se muestra exceso y opciones de siguiente día hábil, asignación como horas extra o cancelar. OBS-19 reemplaza la posibilidad ordinaria de sobreasignación por bloqueo.;E2E-22;Pendiente de verificar;
PLA-05;B;Calendario y planeación;Liberación y trabajos disponibles;"src/App.jsx:3555-3561;3612-3631;3677-3696";hay órdenes pausadas, trabajo en proceso sin fecha o capacidad libre;"Las pausadas aparecen sin planear, el trabajo en proceso sin fecha aparece hoy y se sugieren órdenes que caben en el tiempo libre; se pueden asignar desde la sugerencia.";E2E-22;Pendiente de verificar;
PLA-06;B;Calendario y planeación;Acciones desde calendario;src/App.jsx:3644-3667;se usa una tarjeta semanal;"Se puede consultar detalle y ejecutar Bandeja, Iniciar, Sesión, Pausar, Reanudar, Entregar e imprimir según estado; Reactivar se reserva a administrador.";E2E-22;Pendiente de verificar;
PLA-07;B;Calendario y planeación;Semáforo y vista mensual;"src/App.jsx:91-99;3543-3548;3701-3743";se consulta urgencia o mes;"Se diferencian fechas fijas, en tiempo, próximas y urgentes; el mes presenta resumen por día y acceso al detalle. La vista mensual del ZIP muestra hasta tres folios y un contador adicional, no un planificador horario completo.";E2E-22;Pendiente de verificar;
DOC-01;B;Documentos y adjuntos;Orden de servicio;"src/App.jsx:491-527;1699;1909";se solicita imprimir OS;Se genera documento con empresa, fecha, folio, cliente, razón social/RFC, PO, área/procesos, líneas, material, espesor, cantidad, precios y totales comerciales cuando corresponden.;E2E-23;Pendiente de verificar;
DOC-02;B;Documentos y adjuntos;Nota de entrega;"src/App.jsx:491-527;1700;1910";se solicita la nota;"Se genera documento con empresa, cliente, orden, conceptos, materiales, cantidades y nota configurada, sin precios en el cuerpo de entrega, con espacios para quien recibe y firma; imprimir/guardar PDF usa el diálogo del navegador.";E2E-23;Pendiente de verificar;
DOC-03;B;Documentos y adjuntos;Consulta y reimpresión;"src/App.jsx:523-524;1699-1700;3522-3523";se necesita una copia documental de una orden finalizada;"Los documentos pueden volver a generarse desde Órdenes; el código también prevé Reimprimir para tarjetas entregadas. La firma es un espacio impreso, no un módulo evidenciado de firma electrónica.";E2E-23;Pendiente de verificar;
DOC-04;B;Documentos y adjuntos;Ciclo de archivos múltiples;"src/App.jsx:126;416-443;1435;4315";se adjuntan referencias de cliente o resultados de taller;"Se conservan nombre, enlace, tamaño/tipo y fecha en el registro; hay subida múltiple, apertura y retiro de la lista donde sea editable, con modo lectura en taller. Retirar de lista no se debe describir como borrado físico probado.";E2E-12;Pendiente de verificar;
AR-01;B;Cobranza;AR vinculado al aprobar;"src/App.jsx:114;124;1063-1114;1565-1571";se aprueba una cotización comercial o se ingresa orden heredada;"Se genera referencia INVCNC-NNNNNNN con cliente, orden, total, impuesto, condiciones, emisión, pagos y saldo; inicia en borrador y no nace para TI.";E2E-07;Pendiente de verificar;
AR-02;B;Cobranza;Alta de factura/cuenta por cobrar;"src/App.jsx:2137;2152-2163;2589-2595";se usa Nueva factura;"Se selecciona orden, se propone cliente y valores de RFQ, se capturan vencimiento, abono inicial y número de factura fiscal; el alta guarda la cuenta vinculada. Esta función no evidencia emisión fiscal electrónica.";E2E-25;Pendiente de verificar;
AR-03;B;Cobranza;Estados y activación;"src/App.jsx:2143-2149;2277-2281";se consulta un AR borrador y la orden ya está Lista/Entregada;"Se permite activarlo como pendiente y calcular vencimiento; el pago completo se reconoce como pagado. Se distinguen borrador, pendiente y pagado.";E2E-24;Pendiente de verificar;
AR-04;B;Cobranza;Reglas de plazo;"src/App.jsx:49;2279;3307-3312";se activa una CxC;"Contado vence el mismo día; 15 días, 30 días y crédito usan 15, 30 y 45 días calendario respectivamente en la base; queda visible la fecha de vencimiento.";E2E-24;Pendiente de verificar;
AR-05;B;Cobranza;Pagos y anticipos;"src/App.jsx:2139;2166-2177;2387-2464;2539-2576";se registra un movimiento desde historial o desde Pago;"Se guardan tipo anticipo/pago, fecha, importe MXN, método y notas; el historial permite registrar cuenta destino, referencia y TC. Se recalculan total cobrado, saldo y estado según la suma aplicable.";E2E-24;Pendiente de verificar;
AR-06;B;Cobranza;Anticipo antes de terminación;"src/App.jsx:2430-2463;2542-2544;3303-3313";una orden todavía tiene AR borrador;"Se puede registrar un anticipo desde el historial; se conserva el pago cuando la orden llega a Lista, con saldo residual disponible para cobrar.";E2E-24;Pendiente de verificar;
AR-07;B;Cobranza;Liquidación y resumen;"src/App.jsx:121-123;2143-2149;2166-2177;2407-2428";se completa el monto adeudado;"El saldo queda en cero y el documento se reconoce pagado; historial muestra total, cobrado, restante, movimientos y progreso de pago. No se infiere un monedero por excedente en esta base.";E2E-24;Pendiente de verificar;
AR-08;B;Cobranza;Edición de pago;"src/App.jsx:2073-2124;2420-2424";se abre Editar en un movimiento no heredado;"Se puede modificar fecha, monto, método, cuenta, referencia, TC y notas; cancelar conserva el movimiento. El objetivo debe reconciliar saldo y agregados con la edición persistida.";E2E-25;Pendiente de verificar;
AR-09;B;Cobranza;Movimientos heredados;"src/App.jsx:121;2077;2096;2392-2395";el AR contiene un abono inicial antiguo;"Se representa ese anticipo en el historial aunque no sea un pago estructurado; debe computarse una sola vez en la equivalencia objetivo y distinguirse de los movimientos editables.";E2E-24;Pendiente de verificar;
AR-10;B;Cobranza;Listado y métricas filtradas;"src/App.jsx:2182-2193;2210-2295";se consulta CxC con estado, cliente y período;Se muestran factura, orden, cliente, emisión, vencimiento, total, cobrado, saldo, estado, totales facturados/cobrados/pendientes/vencidos/borrador y acción de limpiar.;E2E-25;Pendiente de verificar;
AR-11;B;Cobranza;Navegar a la orden;"src/App.jsx:2270;2473-2537";se selecciona el folio de orden desde CxC;Se abre su detalle con cliente, estado, área, fechas, horas, líneas, notas y última sesión de trabajo.;E2E-25;Pendiente de verificar;
AR-12;B;Cobranza;Antigüedad de saldos;"src/App.jsx:2195-2204;2297-2323";se abre Antigüedad;"Se agrupan saldos pendientes en al corriente, 1-30, 31-60, 61-90 y más de 90 días; se listan documento, cliente, vencimiento y días restantes/vencidos. Es una pestaña de CxC en el ZIP.";E2E-26;Pendiente de verificar;
AR-13;B;Cobranza;Alertas de vencimiento;"src/App.jsx:2263-2273;2308-2320";hay una cuenta vencida o próxima a vencer;"Se destaca vencimiento pasado y proximidad de tres días; documentos pagados no se tratan como deuda vencida.";E2E-26;Pendiente de verificar;
AR-14;B;Cobranza;Estado de cuenta por cliente;src/App.jsx:2335-2384;se elige un cliente en Estado de cuenta;Se muestran todas sus facturas, órdenes, fechas, valores, pagos, saldos y estados con totales históricos. Esta vista base no prueba exportación ni envío del estado de cuenta.;E2E-27;Pendiente de verificar;
AR-15;B;Cobranza;Cobros agrupados por cuenta;"src/App.jsx:2136;2206;2324-2332";los pagos tienen cuenta destino;"La pestaña de Antigüedad suma los pagos por cuenta bancaria y muestra nombre/banco e importe; no equivale a saldo bancario disponible ni flujo neto de ingresos y egresos.";E2E-28;Pendiente de verificar;
AR-16;B;Cobranza;Eliminación de registro de cobro;"src/App.jsx:2180;2579-2586";se solicita eliminar un AR;"Se pide confirmación y se identifica que afecta al registro financiero y sus pagos, conservando la orden. Registrar como capacidad histórica; la versión mejorada puede ofrecer anulación trazable equivalente.";E2E-16;Pendiente de verificar;
GAS-01;B;Gastos y CxP;Alta manual;"src/App.jsx:2620-2635;2842-2896";se registra un gasto;"Se capturan fecha, tipo fijo/variable, concepto, categoría, proveedor, factura/folio, método de pago, moneda, subtotal, IVA, orden opcional, estado y vencimiento; concepto/subtotal son requeridos.";E2E-29;Pendiente de verificar;
GAS-02;B;Gastos y CxP;Edición de gasto;"src/App.jsx:2625-2634;2822;2831-2896";se abre Editar;"Se recuperan los datos y comprobante existentes, se pueden corregir campos, recalcular importes y guardar; cancelar no confirma cambios.";E2E-29;Pendiente de verificar;
GAS-03;B;Gastos y CxP;Impuesto y moneda;"src/App.jsx:2623;2627;2856-2875";se registra gasto en MXN/USD con o sin IVA;"Se ofrece sin IVA, 8% y 16% por gasto; se muestran IVA, total en moneda y equivalente MXN usando TC cuando es USD.";E2E-29;Pendiente de verificar;
GAS-04;B;Gastos y CxP;Vinculación a orden;"src/App.jsx:2877-2887;2850";un gasto corresponde a un trabajo;Se elige la orden en desplegable que incluye folio, cliente y estado, o se deja sin vinculación. El proveedor es un campo del gasto, no un catálogo autónomo evidenciado.;E2E-29;Pendiente de verificar;
GAS-05;B;Gastos y CxP;Pago y vencimiento de CxP;"src/App.jsx:2807-2824;2888-2890";se consulta un gasto pendiente;"Se puede marcar Pagado, ver estado y distinguir vencimiento pasado; se mantiene fecha límite de pago y método.";E2E-29;Pendiente de verificar;
GAS-06;B;Gastos y CxP;Filtros de gastos;"src/App.jsx:2607-2617;2777-2828";se combinan criterios de consulta;"Se busca concepto/proveedor y se filtra categoría, estado, proveedor, con/sin IVA y períodos; la tabla se ordena por fecha y muestra resultados y suma.";E2E-29;Pendiente de verificar;
GAS-07;B;Gastos y CxP;Métricas y gráfico interactivo;"src/App.jsx:2677-2717;2742-2774";se consulta gasto mensual o un filtro;"Se muestran gasto total, fijos, variables, pendiente de pago y distribución por categoría; se puede ocultar/mostrar gráfico y pulsar una categoría para filtrar.";E2E-29;Pendiente de verificar;
GAS-08;C;Gastos y CxP;Escaneo de comprobante;"src/App.jsx:2637-2672;2720-2733;2832-2840";se carga un comprobante y responde el servicio de lectura;"Se precargan proveedor, fecha, subtotal, IVA, folio, método, concepto y notas; la persona revisa y edita antes de guardar. El ZIP solo contiene el cliente del servicio, no su implementación; disponibilidad real pendiente de prueba.";E2E-30;Pendiente de verificar;
GAS-09;B;Gastos y CxP;Adjunto y revisión del comprobante;"src/App.jsx:2629-2633;2814;2832-2840;2893-2896";existe un comprobante capturado;"Se muestra previsualización, opción de volver a escanear y acceso al comprobante guardado; se mantiene captura manual como vía independiente.";E2E-30;Pendiente de verificar;
CFG-01;B;Configuración;Datos empresariales;"src/App.jsx:77-83;2988-2989;3101-3108;491-523";se actualiza la empresa y se guarda;"Se conservan nombre, RFC, dirección, teléfono, email y texto de nota de entrega; se reflejan en documentos emitidos después del cambio.";E2E-31;Pendiente de verificar;
CFG-02;B;Configuración;TC e IVA global;"src/App.jsx:3004-3029;3262";se configura TC, fecha e IVA;"Se permiten TC MXN/USD y fecha, tasa IVA porcentual y accesos 8%/16%. Verificar alcance efectivo en cada módulo objetivo; la existencia del ajuste no prueba por sí sola aplicación universal en el ZIP.";E2E-02;Pendiente de verificar;
CFG-03;B;Configuración;Cuentas de cobro;"src/App.jsx:3033-3049;2109-2116";se agrega, edita o retira una cuenta;Se configura nombre, banco y tipo transferencia/efectivo/cheque/tarjeta para seleccionar en pagos. La cuenta es distinta de la referencia del movimiento.;E2E-28;Pendiente de verificar;
CFG-04;B;Configuración;Continuidad de folios;"src/App.jsx:3051;3066-3099;101-113";se migra un negocio con folios usados;"Se consulta mes, último generado y siguiente ID y se ajusta el último número usado; el siguiente folio conserva continuidad.";E2E-14;Pendiente de verificar;
CFG-05;B;Configuración;Usuarios de taller;"src/App.jsx:2998-2999;3149-3166";se da de alta o retira un operador;"Se registran nombre, PIN y rol operador, se evita duplicar PIN registrado y se puede eliminar del catálogo; no hay en el ZIP una matriz configurable de vendedor/gerente/contador.";E2E-31;Pendiente de verificar;
CFG-06;B;Configuración;Áreas y procesos;"src/App.jsx:2992-2997;3168-3210";se administra la estructura del taller;"Se agregan, renombran y retiran áreas, colores y procesos; se marca área externa; esos catálogos alimentan cotizaciones y producción.";E2E-31;Pendiente de verificar;
CFG-07;B;Configuración;Etiquetas comerciales;src/App.jsx:3110-3128;se configura clasificación de RFQ;"Se agregan, renombran y retiran etiquetas con color de texto/fondo y previsualización; se pueden aplicar varias por RFQ.";E2E-06;Pendiente de verificar;
CFG-08;B;Configuración;Tiers comerciales;"src/App.jsx:3130-3147;361-387";se configuran niveles de volumen;"Se agregan, editan o retiran tiers con nombre, consumo mínimo de tres meses, descuento y color; se conserva al menos un nivel.";E2E-04;Pendiente de verificar;
CFG-09;B;Configuración;Categorías de gasto;"src/App.jsx:2990-2991;3212-3219";se administra el catálogo;Se agregan y retiran categorías que luego se ofrecen al capturar o filtrar gastos.;E2E-29;Pendiente de verificar;
CFG-10;C;Configuración;Tarifas de cotizador;"src/App.jsx:3221-3250;320-358";se accede al bloque de tarifas;"Se editan tarifas de máquina/setup, gases/consumo, productividad de doblado, longitud máxima, segundo operario, fresas/vida útil y mano de obra/soldadura/consumibles/acabados. El bloque del ZIP depende de que haya historial; no asumir que todos los parámetros expuestos intervienen en la fórmula.";E2E-11;Pendiente de verificar;
CFG-11;B;Configuración;Catálogos iniciales de referencia;"src/App.jsx:31-44;77-83";se evalúa el alcance de máquinas y estaciones;"Se reconocen Láser Fibra, Láser CO2, Dobladora, CNC Router y Fabricación, con capacidad/color en datos; áreas por defecto Sheet Metal, Taller, Acabados y EXT. No se evidencia un formulario completo de CRUD de máquinas.";E2E-31;Pendiente de verificar;
CFG-12;B;Configuración;Consolidación de datos heredados;"src/App.jsx:2907-2980;3052-3064";un administrador usa la herramienta de sincronización de datos;La interfaz presenta conteos y confirmación, guarda registros actuales/configuración y contempla crear AR borradores faltantes para órdenes comerciales elegibles. La migración es una capacidad de soporte, no un paso diario ni una acción a ejecutar durante esta auditoría.;E2E-14;Pendiente de verificar;
CFG-13;B;Configuración;Consulta de acciones recientes;"src/App.jsx:3252-3258;3315-3316;3459-3460";hay movimientos en la bitácora de sesión;"Se ven momento, usuario, acción y orden de las últimas 60 entradas presentadas; persistencia histórica durable se valida aparte si la versión objetivo la ofrece.";E2E-21;Pendiente de verificar;
TRA-01;B;Funciones transversales;Períodos de consulta;"src/App.jsx:531-560;1218;1655;2246;2793";un módulo ofrece filtro de período;"Se pueden seleccionar todo, hoy, semana actual/anterior, mes actual/anterior, trimestre actual/anterior y año; se informa el período aplicado y se puede limpiar.";E2E-06;Pendiente de verificar;
TRA-02;B;Funciones transversales;Relación entre entidades;"src/App.jsx:979;1063-1114;1516-1517;2137;2620;3432-3460";se sigue un trabajo de extremo a extremo;"Se conserva relación cliente → RFQ/líneas → orden/partes/procesos → sesiones/archivos → AR/pagos; gastos pueden vincularse a la orden y catálogos alimentan formularios.";E2E-07;Pendiente de verificar;
TRA-03;B;Funciones transversales;Cancelación de formularios y consulta vacía;"src/App.jsx:413;1437;1964;2573;2894";se cancela un modal sin guardar o una búsqueda no tiene resultados;"Se vuelve al contexto previo y se muestra una situación sin resultados comprensible; distinguir Cancelar formulario de Cancelar orden, que cambia el negocio.";E2E-03;Pendiente de verificar;
OBS-01;OBS;Dashboard;Navegación desde indicadores;Observaciones:2-3;Cada KPI, gráfico o segmento con datos abre el listado o proceso que explica su cifra, con filtro visible y contexto conservado.;"Con dos grupos de cartera, pulsar 1-30 días muestra solo documentos/clientes con deuda vencida entre 1 y 30 días; volver conserva el contexto. Interpretar ese tramo como antigüedad, no como mes calendario.";E2E-26;Pendiente de verificar;
OBS-02;OBS;Comercial;Búsqueda de empresa y contacto;Observaciones:6;Ofrecer búsqueda y selección de clientes/contactos vinculados y alta rápida cuando no existan, guardando en Clientes sin abandonar la oportunidad.;"Buscar una empresa existente, elegir su contacto y luego crear otra desde el mismo formulario; la nueva ficha queda disponible en Clientes y seleccionada, sin duplicar la empresa al cambiar contacto.";E2E-34;Pendiente de verificar;
OBS-03;OBS;Comercial;Seguimiento del prospecto;Observaciones:7;Registrar si el prospecto ya fue contactado, última interacción, siguiente acción concreta, responsable y fecha de próximo seguimiento.;"Crear prospecto no contactado con acción de llamada; registrar contacto y nueva acción; ambas situaciones quedan claras y el seguimiento pendiente se puede consultar.";E2E-34;Pendiente de verificar;
OBS-04;OBS;Comercial;Necesidad completa y varias solicitudes;Observaciones:8-10;La oportunidad describe qué necesita el cliente y permite varias solicitudes/partidas con cantidades, material, área, equipo o estación, procesos, condición interna y seguimiento.;"Crear dos solicitudes de distinta área en una oportunidad; conservar descripción y asignación técnica de cada una y los campos generales al guardar/reabrir.";E2E-34;Pendiente de verificar;
OBS-05;OBS;Comercial a taller;Distribución por estaciones y procesos;"Observaciones:11;55";"Al generar la orden, distribuir sus partidas a las áreas/subáreas/estaciones correspondientes con procesos ordenados; conservar un único vínculo al pedido original.";"Una orden con corte y carpintería aparece en ambas colas con solo las actividades relevantes y permite volver a su detalle general; no duplica la venta ni la orden.";E2E-35;Pendiente de verificar;
OBS-06;OBS;Archivos;Planos múltiples utilizables en taller;Observaciones:12;Permitir de uno a varios adjuntos por solicitud/orden, visualización de formatos compatibles y descarga para los operadores asignados.;"Adjuntar dos planos, abrir la orden desde taller, consultar ambos y descargar una copia legible; los cambios de archivo se identifican en el contexto de la orden.";E2E-35;Pendiente de verificar;
OBS-07;OBS;Cotizaciones;Cotizaciones integradas al pipeline;"Observaciones:13;34";Disponer de sección de cotizaciones vinculadas al pipeline y crear/editar desde modal en la misma ventana, manteniendo cliente, oportunidad y contexto.;Desde oportunidad crear una cotización, abrir su calculadora, guardar y verla tanto en la oportunidad como en la sección Cotizaciones sin recapturar datos.;E2E-34;Pendiente de verificar;
OBS-08;OBS;Planeación y materiales;Desglose de lo solicitado;Observaciones:16-19;Cada trabajo programable explica qué se solicita, descripción, materiales requeridos y desglose del estado por partida/proceso.;"Abrir una partida desde Planeación y reconocer pedido, material, cantidad, proceso actual, avance y pendientes; mostrar explícitamente datos aún por definir.";E2E-35;Pendiente de verificar;
OBS-09;OBS;Operadores;Asignación inequívoca del trabajo;"Observaciones:20-22;65-67";"Mostrar a cada operador sus trabajos y procesos, identificando centro, área, estación y responsable; contrastar identidad y asignación al iniciar o registrar avance.";"Un operador de corte puede actuar sobre su actividad; otro sin asignación no puede apropiársela; ambos identifican claramente qué deben hacer y quién atiende los otros procesos.";E2E-20, E2E-35;Pendiente de verificar;
OBS-10;OBS;Producción;Parciales de producción y entrega;Observaciones:23;Soportar avances parciales acumulados por parte/proceso. Separar el concepto de entrega parcial al cliente y habilitarlo si esa es la acepción confirmada de la observación.;"Para meta 10, registrar 4 y luego 6 conserva el acumulado sin cerrar anticipadamente; si se activa entrega parcial, documentar 4 entregadas/6 pendientes independientemente del avance de fabricación.";E2E-37;Pendiente de verificar;
OBS-11;OBS;Clientes;Historial comercial y operativo navegable;"Observaciones:25-27;33";"La ficha del cliente reúne cotizaciones anteriores, órdenes, entregas y notas generadas por operadores, con enlaces a sus registros originales; las notas aparecen automáticamente vinculadas.";"Abrir cliente, entrar a una cotización histórica y su orden; guardar una nota de sesión y comprobar que se consulta en el historial sin volver a escribirla.";E2E-36;Pendiente de verificar;
OBS-12;OBS;Inventario;Descuento automático de existencias;Observaciones:28-29;"Al confirmar finalización de producción, registrar consumo de material asociado a orden/partida y actualizar existencias; tratar reservas, consumos previos y parciales sin descontar dos veces.";"Con stock 100 y consumo real 12, finalizar deja 88 y un movimiento trazable; repetir confirmación no vuelve a descontar; si ya se consumieron 5, al final se descuentan solo los 7 restantes. Esto es requisito adicional al ZIP.";E2E-38;Pendiente de verificar;
OBS-13;OBS;Entregas;Conformidad fiel al pedido;"Observaciones:31-32;75";Generar nota/conformidad imprimible y descargable que refleje exactamente lo solicitado y lo efectivamente entregado, incluyendo cliente, orden, conceptos, cantidades y responsable.;"Con pedido de dos partidas, la conformidad muestra ambas y sus cantidades; imprimir/guardar permite recuperar el documento; las diferencias y pendientes de una entrega parcial se distinguen.";E2E-23, E2E-37;Pendiente de verificar;
OBS-14;OBS;Configuración de taller;Áreas, subáreas y procesos configurables;"Observaciones:35-52;55;103";"Configurar Metal mecánica: Corte láser, Press Brake, Soldadura, Ensamblado y pintura; Fabricación digital: CNC Router, Láser CO2, Grabado, Impresiones, Escaneo, Carpintería; Acabados: Preparado; Externo. Permitir varias operaciones y extensión del catálogo.";Crear/editar áreas y subáreas y comprobar que se ofrecen en Comercial, Planeación y Producción. La clasificación subárea/proceso/estación debe acordarse sin perder los nombres ni crear duplicados semánticos.;E2E-31;Pendiente de verificar;
OBS-15;OBS;Órdenes;Origen comercial y tablero de órdenes;"Observaciones:56;59-60";"La creación ordinaria de OP nace en Comercial, con indicador interna/comercial. Órdenes se centra en tablero, detalles, acceso al proceso y seguimiento; la repetición también regresa a Comercial.";"Aprobar oportunidad produce una OP y la muestra en el tablero; no se ofrece alta productiva ordinaria desconectada de Comercial; una orden interna queda señalizada y sin venta. El ingreso histórico requiere decisión explícita como excepción de migración.";E2E-36;Pendiente de verificar;
OBS-16;OBS;Órdenes;Acciones y estados consistentes;Observaciones:57-58;"Pausar, reanudar, completar y cancelar producen sus efectos reales, están agrupadas en menú contextual y actualizan filtros/conteos; Programada y En proceso tienen etiquetas distintas.";"Programar, iniciar, pausar y reanudar una orden cambia su pertenencia a filtros; cancelar conserva motivo/historial y la retira de activos; completar exige regla de finalización y no equivale a cancelar.";E2E-36;Pendiente de verificar;
OBS-17;OBS;Órdenes;Comentarios por orden;Observaciones:60;"Cada detalle de orden dispone de comentarios con autor, fecha y contexto; se conserva relación con cliente y proceso sin confundir comentario libre con avance o entrega.";"Añadir comentario a una orden y recuperarlo al abrirla desde Comercial, Órdenes y Producción según permisos; otra orden no recibe ese comentario.";E2E-36;Pendiente de verificar;
OBS-18;OBS;Planeación;Programar partida comprensible;Observaciones:62-63;Conservar la operación de programar pero convertirla en acción contextual desde la partida, con descripción de qué se programa, recurso, horario, duración y resultado, o sustituir el formulario por calendario equivalente.;"Una persona programa sin introducir IDs internos y ve resumen previo y resultado en calendario. Se adopta como propuesta explicar la acción; eliminar definitivamente el formulario es alternativa indicada por el usuario, no una orden simultánea.";E2E-35;Pendiente de verificar;
OBS-19;OBS;Agenda;Horario, capacidad y sobrecarga;Observaciones:68-70;"Programar varios trabajos con horas específicas y arrastre; capacidad ordinaria de ocho horas por día, descuento de duración y bloqueo cuando no cabe; ofrecer siguiente día con capacidad comprobada.";"Asignar 5 h y 3 h deja 0 h; intentar otra hora se bloquea sin guardar; proponer siguiente día hábil con hueco y confirmar deja la orden allí. No mantener Asignar de todas formas como vía ordinaria.";E2E-22;Pendiente de verificar;
OBS-20;OBS;Producción;Área como filtro principal y flujo completo;Observaciones:72-74;"Priorizar filtro por área manteniendo estado como información; Aprobado → Bandeja → Iniciar → En proceso → Cerrar sesión → Lista → Entrega, con pausas y parciales cuando correspondan.";"Una orden multiárea se encuentra por cada área; cerrar una sesión incompleta no la entrega; el cierre completo habilita entrega y descarga de conformidad.";E2E-35;Pendiente de verificar;
OBS-21;OBS;Producción y archivo;Retirar terminadas del trabajo activo;Observaciones:75;Después de completar/entregar según el punto de archivo acordado, retirar de la cola de trabajo activa y conservar consulta histórica y conformidad descargable.;Entregar una orden deja el tablero operativo libre y permite recuperar pedido, sesiones, documentos y cuenta por cobrar desde historial. Interpretar quitar como archivar, no destruir evidencia.;E2E-23;Pendiente de verificar;
OBS-22;OBS;Cobranza;Visibilidad financiera desde aprobación;Observaciones:77-78;"La aprobación comercial crea o hace visible la orden y su registro financiero asociado inmediatamente; se puede entrar a su detalle sin duplicados.";"Aprobar una cotización muestra un registro en Cobranza con su estado financiero correcto; distinguir borrador visible de saldo ya exigible conforme al momento de activación acordado.";E2E-39;Pendiente de verificar;
OBS-23;OBS;Cobranza;Moneda de cobro y tipo de cambio;"Observaciones:79;85-87";"En MXN el TC queda en 1 y bloqueado; en USD se captura TC positivo en MXN por USD y se presenta la multiplicación, moneda original y equivalente aplicado.";"Un pago de USD 100 a TC 17.50 muestra MXN 1750; cambiar a MXN interpreta el monto como pesos y usa TC 1; si se ofrece convertir un monto existente, USD→MXN multiplica y MXN→USD divide, con confirmación del importe resultante.";E2E-39;Pendiente de verificar;
OBS-24;OBS;Cuentas;Cuenta destino/origen y referencias;"Observaciones:80-84;95";"Seleccionar cuenta en cobros y cuenta de salida en gastos; exponer catálogo en Configuración y reflejar movimientos en dashboard. Quitar referencia bancaria del formulario ordinario; preservar datos históricos y no confundir referencia con cuenta.";"Cobrar 1000 en Cuenta A y pagar gasto 300 desde A produce flujo registrado neto +700 en A; Cuenta B no cambia; retirar cuenta del uso futuro conserva la lectura del historial.";E2E-28;Pendiente de verificar;
OBS-25;OBS;Clientes y Cobranza;Saldo a favor visible y aplicable;Observaciones:88;"Mostrar saldo a favor en ficha del cliente y nueva columna en Cobranza, con origen y aplicaciones; si se utiliza para pagar otra orden, no registrarlo de nuevo como ingreso bancario.";"Cobrar 1200 sobre deuda 1000 deja deuda 0 y crédito 200; aplicar 150 a otra deuda deja crédito 50, disminuye esa deuda 150 y no altera otra vez las cuentas de caja/banco.";E2E-40;Pendiente de verificar;
OBS-26;OBS;Documentos de cobro;Proforma o comprobante de cobro;Observaciones:89-90;"Generar documento imprimible/descargable con datos del cliente, órdenes, total, importe abonado, saldo, fecha, moneda/TC y cuenta/método aplicable; precisar si se denomina proforma o recibo según momento.";"Registrar pago parcial de 400 sobre 1000 y obtener documento con total 1000, abonado 400 y pendiente 600; reabrir el documento conserva esos datos y su vínculo con la operación.";E2E-40;Pendiente de verificar;
OBS-27;OBS;Estado de cuenta;Consolidado imprimible y compartible;Observaciones:91-92;"Generar por cliente un estado de cuenta de múltiples órdenes con importes, pagos, saldos, vencimientos y días de atraso; permitir descargar/imprimir y preparar envío al destinatario elegido.";"Un cliente con cinco órdenes recibe en la previsualización exactamente esas cinco, sus saldos individuales y total conciliado; generar el archivo no significa que se haya enviado. Envío real solo tras acción autorizada del usuario.";E2E-27;Pendiente de verificar;
OBS-28;OBS;Gastos;Gasto con cuenta y selección de orden;"Observaciones:83;94-96";"El formulario de gasto muestra cuenta de salida y selector de órdenes con folio/cliente/descripción; conserva opción sin orden para gasto general y se refleja en el flujo de cuentas.";Registrar un gasto ligado a una OP y otro general, elegir cuenta en ambos, y comprobar asociación, saldo/flujo y desglose posterior sin introducir manualmente un ID de orden.;E2E-28;Pendiente de verificar;
OBS-29;OBS;Rentabilidad;Rentabilidad por orden y estación;Observaciones:99-101;"Comparar venta neta, horas estimadas/reales, tarifa de cada estación, materia prima consumida y gastos atribuibles; presentar costo total, utilidad y margen, con desglose y procedencia.";Venta neta 10000, material 3000, trabajo 2000 y otros costos 1000 produce costo 6000, utilidad 4000 y margen 40%. No duplicar material o mano de obra si ya están incluidos en un gasto vinculado.;E2E-41;Pendiente de verificar;
OBS-30;OBS;Cotizador y configuración;Parámetros completos del cotizador;Observaciones:105-106;Ubicar en Configuración los campos del cotizador identificados en el ZIP y las tarifas por estación necesarias para rentabilidad, con unidades y efecto claro sobre nuevos cálculos.;"Cambiar tarifa de una estación y realizar una nueva cotización muestra el efecto esperado; cotizaciones aceptadas e históricos conservan sus valores pactados. No inventar un anexo de campos que el texto no contiene.";E2E-41;Pendiente de verificar;
